1.png,640,380
10.png,1024,768
11.jpg,394,456
12.png,600,797
13.jpg,750,801
14.jpg,642,362
15.jpg,750,1361
16.jpg,750,1136
17.png,600,400
18.jpg,654,1126
19.jpg,750,511
2.jpg,1130,1024
20.png,490,786
21.gif,1228,290
21.gif,1228,290
22.png,682,784
23.png,739,745
24.png,736,344
25.png,363,214
26.png,459,442
27.png,1080,353
28.jpg,745,631
29.jpg,750,596
3.jpg,746,920
30.jpg,750,420
31.png,1200,640
32.jpg,750,671
33.png,800,600
34.png,682,895
35.png,682,784
4.jpg,1125,1500
5.jpg,750,750
6.png,800,600
7.jpg,750,1136
8.jpg,751,1127
9.jpg,750,481
dc_pre=CP_8q7apq4oDFdpGDwId8RkDGw.gif,1,1
lazy.png,1,1
